Date,Observed,Trend,Seasonal,Remainder,Seasonally_Adjusted
2012-01-01,4788.0,4513.226455459178,247.20606164363983,27.567482897181435,4540.79393835636
2012-02-01,4374.0,4512.175180414782,-144.0542503217282,5.879069906946825,4518.054250321728
2012-03-01,4555.0,4511.351252462776,43.70431103176266,-0.055563494538546365,4511.295688968237
2012-04-01,4306.0,4510.773791418848,-211.64531943242298,6.871528013574789,4517.645319432423
2012-05-01,5286.0,4510.464023575378,799.6795928517139,-24.14361642709173,4486.320407148286
2012-06-01,4405.0,4510.445745712385,-168.52676477155072,63.081019059165556,4573.526764771551
2012-07-01,4224.0,4510.750055424431,-195.02888842735086,-91.72116699708022,4419.0288884273505
2012-08-01,3392.0,4511.393145166507,-1157.0860075554585,37.69286238895165,4549.086007555458
2012-09-01,4555.0,4512.412127554424,15.078407570431859,27.50946487514466,4539.921592429569
2012-10-01,5244.0,4513.822418286825,802.0823047631588,-71.90472304998366,4441.917695236842
2012-11-01,4754.0,4515.619798651214,276.1045135144302,-37.72431216564473,4477.89548648557
2012-12-01,4239.0,4518.155764350476,-191.6442391031971,-87.51152524727877,4430.644239103197
2013-01-01,4633.0,4525.229849825759,103.23854636102469,4.5316038132168615,4529.761453638976
2013-02-01,4337.0,4534.166884828131,-208.99430538459157,11.82742055646122,4545.994305384592
2013-03-01,4555.0,4545.196288093484,87.31850297227284,-77.51479106575698,4467.681497027727
2013-04-01,4963.0,4557.70280811566,-142.82500519708796,548.1221970814277,5105.825005197088
2013-05-01,5421.0,4571.161483137642,702.5444311963181,147.2940856660398,4718.455568803682
2013-06-01,4405.0,4585.4896463539435,-113.71100797944175,-66.7786383745015,4518.711007979442
2013-07-01,4457.0,4600.514298137787,-172.3759196561507,28.86162151836379,4629.3759196561505
2013-08-01,3468.0,4615.344819052351,-1137.635443898193,-9.709375154158806,4605.6354438981925
2013-09-01,4555.0,4629.095447306865,41.38780217023697,-115.48324947710171,4513.612197829763
2013-10-01,5498.0,4641.8055302155935,794.7275760967048,61.466893687701486,4703.272423903295
2013-11-01,5072.0,4653.629813535413,294.7801251126598,123.59006135192703,4777.21987488734
2013-12-01,4566.0,4665.201712210725,-147.98060058943372,48.77888837870796,4713.980600589433
2014-01-01,4602.0,4676.856067390279,-26.787757237948014,-48.06831015233092,4628.787757237948
2014-02-01,4376.0,4688.49747246027,-268.84096677413476,-43.65650568613546,4644.840966774134
2014-03-01,4920.0,4700.387495007304,121.98436674164431,97.6281382510515,4798.015633258356
2014-04-01,4617.0,4711.893165852282,-71.53149800591633,-23.36166784636589,4688.531498005917
2014-05-01,5268.0,4722.3854667923815,615.8151151916018,-70.20058198398328,4652.184884808398
2014-06-01,4608.0,4732.44058411555,-56.701785331557055,-67.73879878399293,4664.701785331557
2014-07-01,4682.0,4742.457861067328,-160.0240401198081,99.56617905248004,4842.024040119808
2014-08-01,3565.0,4752.521172386046,-1111.8668076285721,-75.65436475747356,4676.866807628572
2014-09-01,4905.0,4763.190138751855,65.29450298964113,76.51535825850442,4839.705497010359
2014-10-01,5617.0,4774.717883182284,779.6557504429749,62.62636637474134,4837.344249557025
2014-11-01,4943.0,4786.273124135964,317.25558440163036,-160.52870853759487,4625.744415598369
2014-12-01,4821.0,4797.026725877368,-117.35659263972727,141.3298667623585,4938.356592639727
2015-01-01,4554.0,4806.889734891595,-137.9863915920368,-114.9033432995584,4691.986391592037
2015-02-01,4215.0,4815.975520710828,-328.10932448558833,-272.86619622523995,4543.109324485588
2015-03-01,5093.0,4823.672717617259,150.64385729514717,118.6834250875936,4942.356142704853
2015-04-01,4825.0,4829.5494755801055,3.726964766713137,-8.276440346819072,4821.2730352332865
2015-05-01,5171.0,4833.907158814297,523.1035082192312,-186.01066703352808,4647.896491780769
2015-06-01,4918.0,4837.170766291139,6.380622565935073,74.44861114292507,4911.6193774340645
2015-07-01,4772.0,4839.411441276921,-157.67414160879946,90.26270033187848,4929.6741416088
2015-08-01,3738.0,4840.872409194258,-1082.14442312096,-20.72798607329787,4820.14442312096
2015-09-01,4943.0,4841.173681946703,97.19901509138359,4.627302961913301,4845.800984908617
2015-10-01,5566.0,4840.321300761959,735.0966140213571,-9.41791478331561,4830.903385978643
2015-11-01,5212.0,4839.2325129633955,329.9693564483534,42.7981305882513,4882.030643551647
2015-12-01,4731.0,4838.329571425483,-113.11378930919449,5.78421788371179,4844.1137893091945
2016-01-01,4554.0,4838.064755461666,-138.6003374799285,-145.46441798173782,4692.600337479928
2016-02-01,4466.0,4838.659751076868,-366.7885611534706,-5.871189923397651,4832.78856115347
2016-03-01,4879.0,4840.250287605857,123.61106291417937,-84.86135052003647,4755.3889370858205
2016-04-01,4950.0,4843.988934028736,19.270203613311754,86.74086235795221,4930.729796386689
2016-05-01,5323.0,4850.738245473493,506.72080486761496,-34.459050341108195,4816.279195132385
2016-06-01,4916.0,4859.901951972414,84.64901101304038,-28.550962985455044,4831.350988986959
2016-07-01,4580.0,4870.962595087908,-211.5351073851706,-79.42748770273738,4791.535107385171
2016-08-01,3895.0,4883.947338826807,-1028.0285874294489,39.08124860264161,4923.028587429449
2016-09-01,4974.0,4898.77196712669,102.36922644346247,-27.1411935701517,4871.630773556538
2016-10-01,5320.0,4914.4603161537125,697.5223890172161,-291.98270517092897,4622.4776109827835
2016-11-01,5267.0,4930.607270866472,343.5583379289151,-7.165608795387016,4923.441662071085
2016-12-01,5320.0,4947.193667199133,-190.37613803996877,563.1824708408358,5510.376138039969
2017-01-01,4923.0,4963.889541088511,-75.08680756984727,34.197266481336555,4998.086807569847
2017-02-01,4595.0,4980.827225547545,-384.3235607555224,-1.5036647920223913,4979.3235607555225
2017-03-01,5493.0,4998.123016369185,99.66092174572897,395.21606188508576,5393.339078254271
2017-04-01,4707.0,5014.963983332678,17.304547520995055,-325.2685308536729,4689.695452479005
2017-05-01,5578.0,5030.689490306349,574.9429570916475,-27.632447397996657,5003.057042908353
2017-06-01,5227.0,5045.079458063871,119.10581775375971,62.81472418236899,5107.89418224624
2017-07-01,4738.0,5058.267931842194,-271.07600694107396,-49.19192490112073,5009.0760069410735
2017-08-01,4113.0,5070.40147726437,-989.4086485217108,32.007171257339905,5102.40864852171
2017-09-01,5246.0,5082.269005790318,67.46652171829028,96.26447249139164,5178.53347828171
2017-10-01,5654.0,5094.454085385368,678.8377148661887,-119.2918002515562,4975.162285133812
2017-11-01,5479.0,5107.3692012240945,330.40313322881167,41.22766554709415,5148.596866771189
2017-12-01,4839.0,5121.050584606874,-295.21600789558613,13.16542328871219,5134.216007895586
2018-01-01,5158.0,5135.747963834006,46.901496810638285,-24.649460644644932,5111.0985031893615
2018-02-01,4718.0,5151.393580525695,-384.68768394541655,-48.70589658027893,5102.687683945416
2018-03-01,5224.0,5167.564584853927,98.58769798609836,-42.15228284002569,5125.412302013901
2018-04-01,5087.0,5184.535442757157,4.78120983601685,-102.3166525931747,5082.218790163983
2018-05-01,5892.0,5203.66170330188,618.4771280772469,69.86116862087329,5273.522871922753
2018-06-01,5336.0,5226.560640101677,117.2553044900169,-7.815944591693551,5218.744695509983
2018-07-01,4981.0,5254.026907868879,-264.963304759569,-8.063603109309952,5245.963304759569
2018-08-01,4266.0,5285.039239085001,-1002.6263870872912,-16.412851997710277,5268.626387087291
2018-09-01,5264.0,5318.344399464956,57.820153274310506,-112.16455273926658,5206.1798467256895
2018-10-01,6098.0,5353.217806670886,682.2864368054926,62.49575652362182,5415.7135631945075
2018-11-01,5648.0,5389.1437487557,319.777348347425,-60.92109710312434,5328.222651652575
2018-12-01,4975.0,5425.705325094429,-269.6879919659023,-181.01733312852684,5244.687991965902
2019-01-01,5149.0,5462.963930112653,-1.7486404517554863,-312.2152896608968,5150.748640451756
2019-02-01,5138.0,5501.5349518310695,-374.65095688505653,11.116005053986555,5512.650956885056
2019-03-01,5715.0,5542.210122482139,129.5385200953182,43.25135742254315,5585.461479904682
2019-04-01,5630.0,5584.96409999836,-18.165947269528402,63.201847271167935,5648.165947269528
2019-05-01,6696.0,5618.0482446217575,632.6669205606909,445.2848348175521,6063.33307943931
2019-06-01,5696.0,5593.18823509007,84.33718808961326,18.474576820317452,5611.662811910387
2019-07-01,5696.0,5538.2477187998975,-238.56018970357923,396.31247090368197,5934.560189703579
2019-08-01,5114.0,5508.046633050754,-1030.6829904590154,636.6363574082616,6144.682990459016
2019-09-01,6237.0,5493.356083982408,44.4212350915322,699.2226809260601,6192.578764908468
2019-10-01,7236.0,5481.695027942677,706.5787372224952,1047.7262348348277,6529.421262777505
2019-11-01,6502.0,5469.514776634907,309.88848636649465,722.5967369985983,6192.111513633506
2019-12-01,6231.0,5454.888759190787,-215.35616983218563,991.4674106413986,6446.3561698321855
2020-01-01,6353.0,5431.106023442227,-15.331123293361305,937.2250998511345,6368.331123293361
2020-02-01,6204.0,5395.635317517544,-367.8410416447332,1176.2057241271896,6571.841041644733
2020-03-01,5501.808562529459,5360.758026672507,147.18289059102764,-6.132354734076216,5354.625671938431
2020-04-01,5321.237346430961,5345.690057615832,-17.04274665429427,-7.409964530576872,5338.280093085255
2020-05-01,5961.807616980026,5353.372628910719,624.3595001181083,-15.924512048801262,5337.448116861918
2020-06-01,5372.663639867014,5365.6255183510075,29.990724864971256,-22.952603348964658,5342.672915002043
2020-07-01,5175.381658868082,5377.597249503263,-215.36889170562364,13.153301070442467,5390.750550573705
2020-08-01,4318.66821950393,5388.888989603583,-1057.9093736319269,-12.3113964677259,5376.577593135857
2020-09-01,5462.235173173235,5399.369951844486,45.363167041566705,17.502054287181636,5416.872006131668
2020-10-01,6112.949157053803,5409.210207683336,712.786320722034,-9.047371351567563,5400.162836331769
2020-11-01,5738.382034781517,5418.541565870011,304.73732758184997,15.103141329655955,5433.644707199667
2020-12-01,5326.3806410478965,5427.577471412857,-161.7058251743583,60.508994809397336,5488.086466222255
2021-01-01,5394.916616601684,5436.564918992255,-26.570331580155283,-15.077970810415536,5421.48694818184
2021-02-01,5090.484928164326,5445.73586120804,-361.31398478086084,6.063051737147362,5451.798912945187
2021-03-01,5610.199066167964,5455.370931957166,143.7638943354378,11.064239875359817,5466.435171832526
2021-04-01,5429.627850069467,5465.525898805557,-43.096822324250354,7.1987735881612025,5472.724672393718
2021-05-01,6070.198120618532,5476.023856575578,684.161144829084,-89.98688078613031,5386.036975789448
2021-06-01,5481.054143505519,5486.74754544965,-35.437568900627426,29.744166956496883,5516.491712406147
2021-07-01,5283.772162506587,5497.696701387398,-191.02547435185522,-22.899064528955932,5474.797636858442
2021-08-01,4427.058723142435,5509.049767173285,-1037.0174497286935,-44.973594302156016,5464.076172871129
2021-09-01,5570.625676811741,5521.220058304386,69.74386715206296,-20.338248644708074,5500.881809659678
2021-10-01,6221.339660692309,5534.47669562878,702.2268667112638,-15.363901647735474,5519.112793981045
2021-11-01,5846.772538420022,5548.879181959415,284.3093098071852,13.584046653421865,5562.463228612837
2021-12-01,5434.771144686401,5564.34477344692,-212.56382817654415,82.99019941602546,5647.3349728629455
2022-01-01,5503.30712024019,5580.728657662301,-79.40610852954671,1.9845711074358405,5582.713228769737
2022-02-01,5198.875431802832,5597.863206555073,-358.0851805055407,-40.902594246699664,5556.960612308373
2022-03-01,5718.589569806469,5618.8192959072785,122.02684487777951,-22.25657097858948,5596.562724928689
2022-04-01,5538.018353707972,5651.935141076993,-85.56636679257862,-28.350420576442957,5623.58472050055
2022-05-01,6178.588624257036,5696.130301925772,808.3900333666394,-325.9317110353759,5370.198590890396
2022-06-01,5589.444647144025,5742.95307319564,-107.01374525533457,-46.49468079628059,5696.45839239936
2022-07-01,5392.162666145092,5791.556865914593,-148.42038277758843,-250.97381699191283,5540.58304892268
2022-08-01,4535.44922678094,5841.74847746331,-1009.7901915150816,-296.5090591672888,5545.2394182960215
2022-09-01,5679.016180450246,5892.836058047128,82.20427173829064,-296.0241493351732,5596.811908711955
2022-10-01,6329.730164330814,5945.954713309335,911.1345081264649,-527.3590571049863,5418.595656204348
2022-11-01,5955.163042058528,6001.522605232239,213.7331459829329,-260.09270915664365,5741.429896075595
2022-12-01,5543.161648324906,6058.301578217246,-375.7726284732586,-139.36730141908083,5918.934276798165
2023-01-01,5953.0,6117.141399805109,-197.38786178137644,33.2464619762668,6150.387861781376
2023-02-01,5801.0,6182.514436007155,-353.7727414957289,-27.74169451142643,6154.772741495729
2023-03-01,6995.0,6256.688121494823,232.7756570665856,505.5362214385914,6762.224342933414
2023-04-01,6200.0,6337.4672728310015,-151.65278219676645,14.185509365765029,6351.652782196767
2023-05-01,7376.0,6422.512895122537,937.3923097030004,16.094795174462888,6438.607690297
2023-06-01,6797.0,6508.492887368133,-137.67294106135296,426.18005369322054,6934.672941061353
2023-07-01,6467.0,6594.3818023706235,-75.12056083797577,-52.261241532647546,6542.120560837976
2023-08-01,5748.0,6679.549267449384,-1031.770771689281,100.2215042398966,6779.770771689281
2023-09-01,6817.0,6762.015479240412,128.4221769279691,-73.43765616838118,6688.577823072031
2023-10-01,7278.0,6839.882441313688,1025.318192557655,-587.2006338713436,6252.6818074423445
2023-11-01,7070.0,6913.355829667575,184.8567641749028,-28.212593842477872,6885.143235825097
2023-12-01,6494.0,6984.418258333818,-587.8333936802397,97.41513534642218,7081.83339368024
2024-01-01,6831.0,7055.156612378511,-327.17277000759003,103.0161576290784,7158.17277000759
2024-02-01,6825.0,7126.2752772008525,-341.7474754276014,40.47219822674924,7166.747475427602
2024-03-01,7163.0,7196.550289666886,297.17759214030593,-330.7278818071918,6865.822407859694
2024-04-01,7612.0,7263.622299000995,-208.96127134938538,557.3389723483906,7820.961271349385
2024-05-01,8066.0,7325.809281782683,1076.2877084309043,-336.09699021358665,6989.712291569096
2024-06-01,7146.0,7382.706242468568,-165.27282725438457,-71.4334152141837,7311.2728272543845
2024-07-01,7476.0,7435.599508968614,3.626587942628139,36.773903088757834,7472.373412057372
2024-08-01,6491.0,7485.888199821773,-1048.933092573168,54.04489275139531,7539.933092573168
2024-09-01,7737.0,7535.056044705616,176.2908229931346,25.65313230124957,7560.7091770068655
2024-10-01,8866.0,7582.620219734061,1151.431561355335,131.94821891060383,7714.568438644665
2024-11-01,8211.0,7628.5218290272915,151.79787971359139,430.68029125911744,8059.202120286409
2024-12-01,7357.0,7672.460610997063,-791.5630237119277,476.10241271486484,8148.563023711928
2025-01-01,7174.0,7714.286158354744,-460.4151944230995,-79.87096393164393,7634.4151944231
2025-02-01,7421.0,7752.813085784646,-327.4249053143522,-4.388180470294174,7748.424905314352
2025-03-01,8175.0,7790.8965443294865,363.4330896902312,20.67036598028244,7811.566910309769
2025-04-01,7565.0,7828.864326927303,-267.1943868212892,3.33005989398589,7832.194386821289
2025-05-01,9085.0,7866.782080190144,1214.8289377525236,3.388982057332214,7870.171062247477
2025-06-01,7788.0,7904.665528358905,-191.95582959758593,75.29030123868051,7979.955829597586
2025-07-01,8046.0,7942.5082047434635,88.22254850675962,15.269246749777267,7957.777451493241
2025-08-01,6840.0,7980.275500104796,-1074.8850640764722,-65.39043602832407,7914.885064076472
2025-09-01,8274.0,8017.938798813953,229.64303332124877,26.418167864798306,8044.356966678752
2025-10-01,9284.0,8055.49698331368,1279.2413460614002,-50.738329375080866,8004.758653938599
2025-11-01,8244.0,8092.951170172187,121.5031987268888,29.545631100924766,8122.4968012731115
2025-12-01,7123.0,8130.318964642001,-996.4883777928559,-10.83058684914522,8119.488377792856
